<?xml version="1.0" encoding="UTF-8" standalone="yes"?>
<manifest>
  <control namespace="dk2p" constructor="InlineImageViewer" version="0.0.3" display-name-key="InlineImageViewer" description-key="InlineImageViewer description" control-type="standard" api-version="1.3.16">
    <external-service-usage enabled="false"/>
    <property name="sampleProperty" display-name-key="Property_Display_Key" description-key="Property_Desc_Key" of-type="SingleLine.Text" usage="bound" required="true"/>
    <resources>
      <code path="bundle.js" order="1"/>
    </resources>
    <feature-usage>
      <uses-feature name="Utility" required="true"/>
      <uses-feature name="WebAPI" required="true"/>
    </feature-usage>
    <built-by name="pac" version="1.39.3"/>
  </control>
</manifest>